"Reference","Value","Datasheet","Footprint","Qty","DNP","MFR","MFR#"
"Buzzer1,Trigger1","Buzzer","~","Connector_JST:JST_PH_B2B-PH-K_1x02_P2.00mm_Vertical","2","","JST Sales America Inc.","B2B-PH-K-S"
"C1,C2","22 pF","~","Capacitor_SMD:C_0504_1310Metric,Capacitor_SMD:C_0603_1608Metric","2","","",""
"C3","100 nF","~","Capacitor_SMD:C_0603_1608Metric","1","","NextGen Components","0402B104K500HI"
"Crystal1","16 MHz","~","Crystal:Crystal_SMD_MicroCrystal_CC8V-T1A-2Pin_2.0x1.2mm","1","","",""
"Keypad1,RFID1","Conn_01x08","~","Connector_JST:JST_PH_B8B-PH-K_1x08_P2.00mm_Vertical","2","","JST Sales America Inc.","B2B-PH-K-S"
"LCD1","Conn_01x04","~","Connector_JST:JST_PH_B4B-PH-K_1x04_P2.00mm_Vertical","1","","JST Sales America Inc.","B4B-PH-K-K"
"R1","10 K","~","Resistor_SMD:R_0603_1608Metric","1","","YAGEO","RC0603JR-0710KL"
"ServoMotor1","~","~","Connector_JST:JST_PH_B3B-PH-K_1x03_P2.00mm_Vertical","1","","JST Sales America Inc.","B3B-PH-K-S"
"U2","ATmega328-A","http://ww1.microchip.com/downloads/en/DeviceDoc/ATmega328_P%20AVR%20MCU%20with%20picoPower%20Technology%20Data%20Sheet%2040001984A.pdf","Package_QFP:TQFP-32_7x7mm_P0.8mm","1","","",""
